Date,Nom de la célébration,Description, Origine
1er janvier,Jour de l'An,Célébration mondiale marquant le début de la nouvelle année selon le calendrier grégorien.,Célébration mondiale
2 janvier,Berchtoldstag,Fête célébrée en Suisse, notamment dans le canton de Zurich, marquant le début de la nouvelle année.,Culture suisse
3 janvier,Fête de Sainte Geneviève,Commémoration de Sainte Geneviève, patronne de Paris.,Christianisme (Catholicisme)
4 janvier,Journée mondiale du braille,Journée internationale célébrant l'importance du braille pour les personnes aveugles et malvoyantes.,Initiative mondiale
5 janvier,Nuit des Rois,Veille de l'Épiphanie, célébrée dans certaines cultures avec des festivités et des pièces de théâtre.,Tradition chrétienne et culture populaire
6 janvier,Épiphanie,Fête chrétienne célébrant la visite des Rois mages à l'Enfant Jésus.,Christianisme (Catholicisme et Orthodoxie)
7 janvier,Noël orthodoxe,Célébration de la naissance de Jésus-Christ selon le calendrier julien, principalement dans les Églises orthodoxes.,Christianisme (Église orthodoxe)
8 janvier,Fête de la République (Bosnie-Herzégovine),Commémoration de la déclaration de la République en 1992.,Histoire de la Bosnie-Herzégovine
9 janvier,Journée des Martyrs (Panama),Jour honorant les Panaméens morts lors des émeutes de 1964 pour la souveraineté du canal de Panama.,Panama, histoire nationale
10 janvier,Sebastian's Day,Fête traditionnelle aux Açores, au Portugal, en l'honneur de Saint Sébastien.,Catholicisme et culture portugaise
11 janvier,Journée internationale du merci,Journée dédiée à l'expression de la gratitude et de la reconnaissance.,Initiative mondiale
12 janvier,Zanzibar Revolution Day,Jour férié en Tanzanie commémorant la révolution de 1964 à Zanzibar.,Histoire de la Tanzanie
13 janvier,Lohri,Festival populaire en Inde, particulièrement au Pendjab, célébrant la fin de l'hiver et le début de la saison des récoltes.,Culture indienne
14 janvier,Makar Sankranti,Fête hindoue marquant le passage du soleil dans le signe du Capricorne, célébrée avec des vols de cerfs-volants et des festins.,Hindouisme
15 janvier,Journée de Martin Luther King Jr.,Jour férié aux États-Unis honorant la vie et l'héritage du leader des droits civiques Martin Luther King Jr.,États-Unis, Mouvement des droits civiques
16 janvier,Teachers' Day (Thaïlande),Journée dédiée à l'appréciation et au respect des enseignants en Thaïlande.,Thaïlande
17 janvier,Fête de Saint Antoine le Grand,Célébration chrétienne en l'honneur de Saint Antoine, père du monachisme chrétien.,Christianisme (Catholicisme)
18 janvier,Semaine de prière pour l'unité des chrétiens,Période de prière annuelle de huit jours pour l'unité des chrétiens du 18 au 25 janvier.,Christianisme
19 janvier,Épiphanie orthodoxe,Fête chrétienne orthodoxe commémorant le baptême de Jésus dans le Jourdain.,Christianisme (Orthodoxie)
20 janvier,Fête de la Saint Sébastien,Célébration en l'honneur de Saint Sébastien, martyr chrétien et saint patron de nombreuses villes.,Christianisme (Catholicisme)
21 janvier,Journée internationale des câlins,Journée promouvant l'acte de donner des câlins pour répandre la chaleur humaine et l'affection.,Initiative mondiale
22 janvier,Journée de l'unité ukrainienne,Jour célébrant l'unification de l'Ukraine orientale et occidentale en 1919.,Ukraine, histoire nationale
23 janvier,Fête de la Saint Ildefonse,Célébration en l'honneur de Saint Ildefonse, archevêque de Tolède au VIIe siècle.,Christianisme (Catholicisme)
24 janvier,Journée internationale de l'éducation,Journée proclamée par l'ONU pour célébrer le rôle de l'éducation pour la paix et le développement.,Organisation des Nations Unies (ONU)
25 janvier,Burns Night,Célébration écossaise en l'honneur du poète Robert Burns, avec des repas traditionnels et des lectures de ses œuvres.,Culture écossaise
26 janvier,Journée de la République (Inde),Fête nationale célébrant l'entrée en vigueur de la Constitution indienne en 1950.,Inde, histoire nationale
27 janvier,Journée internationale dédiée à la mémoire des victimes de l'Holocauste,Journée commémorant les victimes de l'Holocauste pendant la Seconde Guerre mondiale.,Initiative mondiale
28 janvier,Fête de Saint Thomas d'Aquin,Célébration catholique en l'honneur de Saint Thomas d'Aquin, philosophe et théologien.,Christianisme (Catholicisme)
29 janvier,Fête de Saint Sulpice,Célébration en l'honneur de Saint Sulpice le Pieux, évêque de Bourges au VIIe siècle.,Christianisme (Catholicisme)
30 janvier,Journée scolaire de la non-violence et de la paix,Journée éducative promouvant la non-violence et la paix dans les écoles.,Initiative mondiale
31 janvier,Fête nationale de Nauru,Jour célébrant l'indépendance de Nauru obtenue en 1968.,Nauru, histoire nationale
1er janvier,Jour de l'An,"Célébration mondiale marquant le début de la nouvelle année selon le calendrier grégorien.",Culture mondiale
2 janvier,Berchtoldstag,"Fête célébrée en Suisse, notamment dans le canton de Zurich, marquant le début de la nouvelle année.",Culture suisse
3 janvier,Fête de Sainte Geneviève,"Commémoration de Sainte Geneviève, patronne de Paris.",Christianisme
4 janvier,Journée mondiale du braille,"Journée internationale célébrant l'importance du braille pour les personnes aveugles et malvoyantes.",ONU/Société civile
5 janvier,Nuit des Rois,"Veille de l'Épiphanie, célébrée dans certaines cultures avec des festivités et des pièces de théâtre.",Culture chrétienne
6 janvier,Épiphanie,"Fête chrétienne célébrant la visite des Rois mages à l'Enfant Jésus.",Christianisme
7 janvier,Noël orthodoxe,"Célébration de la naissance de Jésus-Christ selon le calendrier julien, principalement dans les Églises orthodoxes.",Christianisme orthodoxe
8 janvier,Fête de la République (Bosnie-Herzégovine),"Commémoration de la déclaration de la République en 1992.",Culture bosniaque
9 janvier,Journée des Martyrs (Panama),"Jour honorant les Panaméens morts lors des émeutes de 1964 pour la souveraineté du canal de Panama.",Culture panaméenne
10 janvier,Sebastian's Day,"Fête traditionnelle aux Açores, au Portugal, en l'honneur de Saint Sébastien.",Culture portugaise/chrétienne
11 janvier,Journée internationale du merci,"Journée dédiée à l'expression de la gratitude et de la reconnaissance.",Société civile
12 janvier,Zanzibar Revolution Day,"Jour férié en Tanzanie commémorant la révolution de 1964 à Zanzibar.",Culture tanzanienne
13 janvier,Lohri,"Festival populaire en Inde, particulièrement au Pendjab, célébrant la fin de l'hiver et le début de la saison des récoltes.",Culture indienne/sikhisme
14 janvier,Makar Sankranti,"Fête hindoue marquant le passage du soleil dans le signe du Capricorne, célébrée avec des vols de cerfs-volants et des festins.",Hindouisme
15 janvier,Journée de Martin Luther King Jr.,"Jour férié aux États-Unis honorant la vie et l'héritage du leader des droits civiques Martin Luther King Jr.",Culture américaine
16 janvier,Teachers' Day (Thaïlande),"Journée dédiée à l'appréciation et au respect des enseignants en Thaïlande.",Culture thaïlandaise
17 janvier,Fête de Saint Antoine le Grand,"Célébration chrétienne en l'honneur de Saint Antoine, père du monachisme chrétien.",Christianisme
18 janvier,Semaine de prière pour l'unité des chrétiens,"Période de prière annuelle de huit jours pour l'unité des chrétiens du 18 au 25 janvier.",Christianisme
19 janvier,Épiphanie orthodoxe,"Fête chrétienne orthodoxe commémorant le baptême de Jésus dans le Jourdain.",Christianisme orthodoxe
20 janvier,Fête de la Saint Sébastien,"Célébration en l'honneur de Saint Sébastien, martyr chrétien et saint patron de nombreuses villes.",Christianisme
21 janvier,Journée internationale des câlins,"Journée promouvant l'acte de donner des câlins pour répandre la chaleur humaine et l'affection.",Société civile
22 janvier,Journée de l'unité ukrainienne,"Jour célébrant l'unification de l'Ukraine orientale et occidentale en 1919.",Culture ukrainienne
23 janvier,Fête de la Saint Ildefonse,"Célébration en l'honneur de Saint Ildefonse, archevêque de Tolède au VIIe siècle.",Christianisme
24 janvier,Journée internationale de l'éducation,"Journée proclamée par l'ONU pour célébrer le rôle de l'éducation pour la paix et le développement.",ONU/Société civile
25 janvier,Burns Night,"Célébration écossaise en l'honneur du poète Robert Burns, avec des repas traditionnels et des lectures de ses œuvres.",Culture écossaise
26 janvier,Journée de la République (Inde),"Fête nationale célébrant l'entrée en vigueur de la Constitution indienne en 1950.",Culture indienne
27 janvier,Journée internationale dédiée à la mémoire des victimes de l'Holocauste,"Journée commémorant les victimes de l'Holocauste pendant la Seconde Guerre mondiale.",ONU/Histoire mondiale
28 janvier,Fête de Saint Thomas d'Aquin,"Célébration catholique en l'honneur de Saint Thomas d'Aquin, philosophe et théologien.",Christianisme
29 janvier,Fête de Saint Sulpice,"Célébration en l'honneur de Saint Sulpice le Pieux, évêque de Bourges au VIIe siècle.",Christianisme
30 janvier,Journée scolaire de la non-violence et de la paix,"Journée éducative promouvant la non-violence et la paix dans les écoles.",Société civile
31 janvier,Fête nationale de Nauru,"Jour célébrant l'indépendance de Nauru obtenue en 1968.",Culture nauruane
1er février,Imbolc,"Fête celtique marquant le début du printemps, célébrée par les adeptes du néo-paganisme.",Culture celtique/néo-paganisme
2 février,Chandeleur,"Fête chrétienne commémorant la Présentation de Jésus au Temple, également associée à la tradition des crêpes.",Christianisme
3 février,Setsubun,"Festival japonais marquant la fin de l'hiver et le début du printemps, avec des rituels pour chasser les mauvais esprits.",Culture japonaise
4 février,Journée mondiale contre le cancer,"Journée internationale dédiée à la sensibilisation et à la prévention du cancer.",Société civile
5 février,Fête de Sainte Agathe,"Célébration chrétienne en l'honneur de Sainte Agathe, martyre sicilienne du IIIe siècle.",Christianisme
6 février,Waitangi Day,"Fête nationale en Nouvelle-Zélande commémorant la signature du traité de Waitangi en 1840.",Culture néo-zélandaise
7 février,Indépendance de Grenade,"Jour férié célébrant l'indépendance de Grenade obtenue en 1974.",Culture grenadienne
8 février,Parinirvana (Nirvana Day),"Fête bouddhiste commémorant le décès et l'entrée dans le Nirvana du Bouddha.",Bouddhisme
9 février,Fête de Saint Maron,"Célébration en l'honneur de Saint Maron, fondateur de l'Église maronite.",Christianisme maronite
10 février,Fête de Sainte Scholastique,"Célébration chrétienne en l'honneur de Sainte Scholastique, sœur de Saint Benoît.",Christianisme
11 février,Journée internationale des femmes et des filles de science,"Journée promouvant la participation des femmes et des filles dans les domaines scientifiques.",ONU/Société civile
12 février,Lincoln's Birthday,"Jour honorant la naissance d'Abraham Lincoln, 16e président des États-Unis.",Culture américaine
13 février,Maha Shivaratri,"Fête hindoue dédiée au dieu Shiva, marquée par des veillées et des prières nocturnes.",Hindouisme
14 février,Saint-Valentin,"Fête célébrant l'amour et l'affection entre partenaires intimes.",Culture occidentale
15 février,Parinirvana (Nirvana Day),"Fête bouddhiste commémorant le décès et l'entrée dans le Nirvana du Bouddha.",Bouddhisme
16 février,Vasant Panchami,"Fête hindoue célébrant Saraswati, déesse de la connaissance et des arts.",Hindouisme
17 février,Random Acts of Kindness Day,"Journée encourageant les actes de gentillesse spontanés.",Société civile
18 février,Fête nationale de la Gambie,"Jour célébrant l'indépendance de la Gambie obtenue en 1965.",Culture gambienne
19 février,Armée du Salut - Fondation,"Anniversaire de la fondation de l'Armée du Salut, organisation chrétienne caritative.",Christianisme/Société civile
20 février,Journée mondiale de la justice sociale,"Journée promouvant la justice sociale, incluant la lutte contre la pauvreté et les inégalités.",ONU/Société civile
21 février,Journée internationale de la langue maternelle,"Journée célébrant la diversité linguistique et culturelle à travers le monde.",ONU/Société civile
22 février,Thinking Day,"Journée mondiale de réflexion pour les scouts et guides, commémorant la naissance de Lord Baden-Powell.",Mouvement scout
23 février,Journée du Défenseur de la Patrie,"Fête en Russie honorant les forces armées et les anciens combattants.",Culture russe
24 février,Dragobete,"Fête traditionnelle roumaine célébrant l'amour et le début du printemps.",Culture roumaine
25 février,Kuwait National Day,"Jour férié célébrant l'indépendance du Koweït obtenue en 1961.",Culture koweïtienne
26 février,Levi Strauss Day,"Jour honorant Levi Strauss, inventeur du jean en denim.",Culture américaine
27 février,Journée mondiale des ONG,"Journée reconnaissant le rôle des organisations non gouvernementales dans la société.",Société civile
28 février,Dia de Andalucía,"Fête régionale en Andalousie, Espagne, célébrant l'autonomie de la région.",Culture andalouse
29 février,Leap Day,"Jour supplémentaire ajouté au calendrier grégorien tous les quatre ans.",Culture mondiale
1er mars,Fête de la Saint David,"Célébration en l'honneur de Saint David, saint patron du Pays de Galles.",Christianisme/Culture galloise
2 mars,Peasants' Day (Myanmar),"Jour honorant les contributions des agriculteurs à l'économie du Myanmar.",Culture birmane
3 mars,Hinamatsuri,"Fête japonaise des filles, célébrant leur croissance et leur bonheur.",Culture japonaise
4 mars,Journée mondiale de la vie sauvage,"Journée sensibilisant à la protection de la faune et de la flore sauvages.",ONU/Société civile
5 mars,Custom Chief's Day (Vanuatu),"Jour honorant les chefs traditionnels et la culture autochtone au Vanuatu.",Culture vanuataise
6 mars,Indépendance du Ghana,"Jour célébrant l'indépendance du Ghana obtenue en 1957.",Culture ghanéenne
7 mars,Nyepi,"Nouvel an balinais célébré par une journée de silence, de jeûne et de méditation.",Hindouisme balinais
8 mars,Journée internationale des femmes,"Journée célébrant les réalisations des femmes et promouvant l'égalité des sexes.",ONU/Société civile
9 mars,Baron Bliss Day,"Jour au Belize honorant le philanthrope Baron Bliss.",Culture bélizienne
10 mars,Holi,"Festival hindou des couleurs célébrant le triomphe du bien sur le mal et l'arrivée du printemps.",Hindouisme
11 mars,Fête de la Saint Rosine,"Célébration chrétienne en l'honneur de Sainte Rosine.",Christianisme
12 mars,Fête nationale de Maurice,"Jour célébrant l'indépendance de Maurice obtenue en 1968.",Culture mauricienne
13 mars,Journée de l'éléphant en Thaïlande,"Jour honorant l'importance culturelle et historique des éléphants en Thaïlande.",Culture thaïlandaise
14 mars,Pi Day,"Journée célébrant la constante mathématique π (pi).",Culture scientifique
15 mars,Ides de Mars,"Date du calendrier romain rendue célèbre par l'assassinat de Jules César en 44 av. J.-C.",Histoire romaine
16 mars,Fête de Saint Urho,"Fête humoristique célébrée par les Finlandais-Américains honorant Saint Urho, un personnage légendaire supposé avoir chassé les criquets des vignobles.",Culture finno-américaine
17 mars,Saint-Patrick,"Fête en l'honneur de Saint Patrick, saint patron de l'Irlande, célébrée dans le monde entier.",Christianisme/Culture irlandaise
18 mars,Fête de la Réunion (Madagascar),"Jour commémorant le retour de la région de Diego-Suarez sous contrôle malgache.",Culture malgache
19 mars,Fête de la Saint Joseph,"Célébration chrétienne en l'honneur de Saint Joseph, époux de la Vierge Marie.",Christianisme
20 mars,Journée internationale du bonheur,"Journée promouvant l'importance du bonheur comme objectif universel.",ONU/Société civile
21 mars,Nowruz,"Nouvel an persan célébrant l'équinoxe de printemps, marquant le début de l'année dans le calendrier zoroastrien.",Zoroastrisme/Culture perse
22 mars,Fête de l'indépendance de l'Arabie saoudite,"Jour commémorant l'unification du Royaume d'Arabie saoudite.",Culture saoudienne
23 mars,Pâques orthodoxes (variable),"Fête célébrant la résurrection de Jésus-Christ selon le calendrier julien.",Christianisme orthodoxe
24 mars,Journée mondiale de la lutte contre la tuberculose,"Journée sensibilisant au combat contre la tuberculose.",ONU/Société civile
25 mars,Fête de l'Annonciation,"Célébration chrétienne de l'annonce de la naissance de Jésus par l'ange Gabriel à la Vierge Marie.",Christianisme
26 mars,Indépendance du Bangladesh,"Jour célébrant l'indépendance du Bangladesh obtenue en 1971.",Culture bangladaise
27 mars,Journée mondiale du théâtre,"Journée internationale promouvant les arts dramatiques et le théâtre.",Société civile
28 mars,Holi (variable),"Festival hindou des couleurs célébrant le triomphe du bien sur le mal et l'arrivée du printemps.",Hindouisme
29 mars,Fête des jeunes (Taïwan),"Jour honorant les contributions des jeunes à la société à Taïwan.",Culture taïwanaise
30 mars,Journée de la Terre palestinienne,"Jour de commémoration des événements de 1976 concernant la confiscation de terres palestiniennes.",Culture palestinienne
31 mars,César Chávez Day,"Jour honorant César Chávez, militant pour les droits des travailleurs agricoles aux États-Unis.",Culture américaine
1er avril,Poisson d'avril,"Journée dédiée aux blagues et canulars dans de nombreuses cultures.",Culture mondiale
2 avril,Journée mondiale de la sensibilisation à l'autisme,"Journée promouvant la sensibilisation et l'acceptation de l'autisme.",ONU/Société civile
3 avril,Fête de Qingming,"Fête traditionnelle chinoise dédiée au nettoyage des tombes et à l'hommage aux ancêtres.",Culture chinoise
4 avril,Journée internationale de sensibilisation aux mines,"Journée soulignant les efforts mondiaux pour éliminer les mines antipersonnel.",ONU/Société civile
5 avril,Fête de Saint Vincent Ferrier,"Célébration chrétienne en l'honneur de Saint Vincent Ferrier, prédicateur dominicain.",Christianisme
6 avril,Journée de l'indépendance (Togo),"Jour célébrant l'indépendance du Togo obtenue en 1960.",Culture togolaise
7 avril,Journée mondiale de la santé,"Journée promouvant la santé mondiale et la sensibilisation aux problématiques sanitaires.",ONU/Société civile
8 avril,Fête des Fleurs (Chorokba),"Festival traditionnel au Bhoutan célébrant le début du printemps.",Culture bhoutanaise
9 avril,Fête des Martyrs (Tunisie),"Jour honorant les Tunisiens morts pour l'indépendance.",Culture tunisienne
10 avril,Pâques (variable),"Fête chrétienne célébrant la résurrection de Jésus-Christ.",Christianisme
11 avril,Journée mondiale de la maladie de Parkinson,"Journée consacrée à la sensibilisation et au soutien des personnes atteintes de Parkinson.",Société civile
12 avril,Youri's Night,"Journée internationale célébrant les exploits de Youri Gagarine, premier homme dans l'espace.",Culture scientifique
13 avril,Songkran,"Nouvel an thaïlandais marqué par des fêtes d'eau et des cérémonies traditionnelles.",Culture thaïlandaise/bouddhisme
14 avril,Puthandu,"Nouvel an tamoul célébré par des repas spéciaux et des rituels religieux.",Culture tamoule
15 avril,Journée mondiale de l'art,"Journée promouvant la créativité artistique et l'importance des arts pour la société.",ONU/Société civile
16 avril,Hanami,"Fête japonaise célébrant la contemplation des cerisiers en fleurs.",Culture japonaise
17 avril,Journée de la Constitution (Syrie),"Jour marquant l'adoption de la Constitution syrienne en 1973.",Culture syrienne
18 avril,Journée internationale des monuments et des sites,"Journée sensibilisant à la préservation du patrimoine culturel mondial.",UNESCO
19 avril,Fête de l'Indépendance (Venezuela),"Jour célébrant la déclaration d'indépendance du Venezuela en 1810.",Culture vénézuélienne
20 avril,Fête des Volcans,"Célébration dans certaines régions du monde en l'honneur des volcans et de leur puissance naturelle.",Culture environnementale
21 avril,Tiradentes Day (Brésil),"Jour honorant Tiradentes, héros de l'indépendance brésilienne.",Culture brésilienne
22 avril,Journée de la Terre,"Journée mondiale promouvant la protection de l'environnement.",ONU/Société civile
23 avril,Journée mondiale du livre et du droit d'auteur,"Journée célébrant la lecture, les auteurs et l'accès au savoir.",UNESCO
24 avril,Fête de la Sainte Fidèle,"Célébration chrétienne en l'honneur de Saint Fidèle, martyr du XVIIe siècle.",Christianisme
25 avril,ANZAC Day,"Jour honorant les soldats australiens et néo-zélandais morts pendant la Première Guerre mondiale.",Culture australienne et néo-zélandaise
26 avril,Journée mondiale de la propriété intellectuelle,"Journée mettant en lumière l'importance de la créativité et des droits de propriété intellectuelle.",ONU/Société civile
27 avril,Fête de la liberté (Afrique du Sud),"Jour marquant les premières élections démocratiques post-apartheid en 1994.",Culture sud-africaine
28 avril,Journée mondiale de la sécurité et de la santé au travail,"Journée promouvant des environnements de travail sûrs et sains.",ONU/Société civile
29 avril,Journée internationale de la danse,"Journée célébrant la danse et son impact culturel et artistique.",UNESCO
30 avril,Walpurgisnacht,"Fête traditionnelle européenne marquant le début de l'été avec des feux et des danses.",Culture européenne
1er mai,Fête du Travail,"Journée célébrant les travailleurs et leurs droits dans de nombreux pays.",Société civile
2 mai,Fête nationale de la jeunesse (Chine),"Jour honorant les contributions des jeunes en Chine.",Culture chinoise
3 mai,Journée mondiale de la liberté de la presse,"Journée promouvant la liberté de la presse et la protection des journalistes.",ONU/Société civile
4 mai,Star Wars Day,"Journée célébrant la franchise Star Wars avec le slogan 'May the Fourth be with you'.",Culture populaire
5 mai,Cinco de Mayo,"Fête célébrant la victoire mexicaine contre les Français lors de la bataille de Puebla.",Culture mexicaine
6 mai,Chakri Day (Thaïlande),"Jour honorant la dynastie Chakri régnante en Thaïlande.",Culture thaïlandaise
7 mai,Journée de la Radio et de la Télévision (Russie),"Jour honorant les travailleurs des médias en Russie.",Culture russe
8 mai,Fête de la Victoire,"Célébration marquant la fin de la Seconde Guerre mondiale en Europe.",Culture européenne
9 mai,Journée de l'Europe,"Journée célébrant la paix et l'unité en Europe, marquant la déclaration Schuman.",Culture européenne
10 mai,Fête des Mères (Mexique),"Jour honorant les mères, célébré de manière particulière au Mexique.",Culture mexicaine
11 mai,Journée de la couronne (Pays-Bas),"Jour marquant la fondation de la dynastie royale néerlandaise.",Culture néerlandaise
12 mai,Fête de Saint Pancrace,"Célébration chrétienne en l'honneur de Saint Pancrace, martyr du IVe siècle.",Christianisme
13 mai,Rotuma Day,"Jour célébrant la culture et l'indépendance relative de Rotuma, une île des Fidji.",Culture rotumane
14 mai,Journée de l'indépendance d'Israël (variable),"Jour célébrant la déclaration d'indépendance d'Israël en 1948.",Culture israélienne
15 mai,Journée internationale des familles,"Journée promouvant l'importance des familles dans la société.",ONU/Société civile
16 mai,Vesak (variable),"Fête bouddhiste commémorant la naissance, l'illumination et la mort de Bouddha.",Bouddhisme
17 mai,Journée mondiale des télécommunications,"Journée soulignant l'importance des télécommunications et de l'internet.",ONU/Société civile
18 mai,Journée internationale des musées,"Journée promouvant la richesse culturelle et éducative des musées.",UNESCO
19 mai,Commemoration of Atatürk, Youth and Sports Day (Turquie),"Jour honorant Mustafa Kemal Atatürk et la jeunesse turque.",Culture turque
20 mai,Indépendance du Cameroun,"Jour marquant l'indépendance du Cameroun en 1972.",Culture camerounaise
21 mai,Fête de l'Union nationale (Madagascar),"Jour célébrant l'unité nationale à Madagascar.",Culture malgache
22 mai,Journée internationale de la biodiversité,"Journée promouvant la préservation de la diversité biologique.",ONU/Société civile
23 mai,Labour Day (Jamaïque),"Jour célébrant les contributions des travailleurs jamaïcains.",Culture jamaïcaine
24 mai,Journée de la Fraternité (Bolivie),"Jour célébrant l'amitié et la solidarité entre les nations sud-américaines.",Culture bolivienne
25 mai,Journée de l'Afrique,"Journée marquant la fondation de l'Organisation de l'unité africaine en 1963.",Union africaine
26 mai,Fête nationale de la Géorgie,"Jour célébrant l'indépendance de la Géorgie en 1918.",Culture géorgienne
27 mai,Fête des Mères (France, variable),"Jour honorant les mères en France et dans plusieurs autres pays.",Culture française
28 mai,Fête de la République d'Azerbaïdjan,"Jour marquant la fondation de la République démocratique d'Azerbaïdjan en 1918.",Culture azerbaïdjanaise
29 mai,Journée internationale des Casques bleus,"Journée honorant les forces de maintien de la paix de l'ONU.",ONU
30 mai,Fête de Jeanne d'Arc,"Célébration en l'honneur de Sainte Jeanne d'Arc, héroïne française.",Christianisme/Culture française
31 mai,Journée mondiale sans tabac,"Journée sensibilisant aux dangers du tabac et promouvant un mode de vie sain.",ONU/Société civile
1er juin,Journée internationale de l'enfance,"Journée célébrant et défendant les droits des enfants à travers le monde.",ONU/Société civile
2 juin,Fête de la République (Italie),"Jour marquant la fondation de la République italienne en 1946.",Culture italienne
3 juin,Fête de l'Immaculée Conception (Colombie),"Célébration chrétienne honorant la Vierge Marie en Colombie.",Christianisme
4 juin,Journée internationale des enfants victimes innocentes d'agression,"Journée sensibilisant aux violences faites aux enfants dans les conflits.",ONU/Société civile
5 juin,Journée mondiale de l'environnement,"Journée promouvant la protection de l'environnement et la durabilité.",ONU/Société civile
6 juin,Fête nationale de la Suède,"Jour marquant l'indépendance suédoise et l'élection de Gustav Vasa comme roi en 1523.",Culture suédoise
7 juin,Journée mondiale de la sécurité alimentaire,"Journée sensibilisant à l'importance d'une alimentation sûre pour tous.",ONU/Société civile
8 juin,Journée mondiale des océans,"Journée promouvant la protection et la préservation des océans.",ONU/Société civile
9 juin,Fête de l'Ascension (variable),"Célébration chrétienne marquant l'ascension de Jésus au ciel.",Christianisme
10 juin,Journée du Portugal,"Jour célébrant la culture portugaise et l'anniversaire du poète national Luís de Camões.",Culture portugaise
11 juin,Kamehameha Day,"Jour honorant le roi Kamehameha I, fondateur du royaume d'Hawaï.",Culture hawaïenne
12 juin,Journée mondiale contre le travail des enfants,"Journée sensibilisant à l'élimination du travail des enfants.",ONU/Société civile
13 juin,Fête de Saint Antoine,"Célébration chrétienne en l'honneur de Saint Antoine de Padoue.",Christianisme
14 juin,Journée mondiale du don de sang,"Journée promouvant le don de sang pour sauver des vies.",ONU/Société civile
15 juin,Fête des Moissons (variable),"Célébration traditionnelle des premières récoltes dans diverses cultures.",Cultures agricoles
16 juin,Journée de l'Enfant africain,"Journée sensibilisant aux droits et défis des enfants en Afrique.",Union africaine
17 juin,Journée mondiale de la lutte contre la désertification,"Journée promouvant la gestion durable des terres pour lutter contre la désertification.",ONU/Société civile
18 juin,Waterloo Day,"Jour commémorant la bataille de Waterloo en 1815.",Histoire européenne
19 juin,Journée de l'émancipation (Juneteenth),"Jour célébrant la fin de l'esclavage aux États-Unis.",Culture américaine
20 juin,Journée mondiale des réfugiés,"Journée honorant la force et le courage des réfugiés.",ONU/Société civile
21 juin,Journée internationale du yoga,"Journée promouvant la pratique du yoga pour le bien-être.",Culture indienne
22 juin,Journée nationale de la mémoire (Croatie),"Jour honorant les victimes de la guerre d'indépendance croate.",Culture croate
23 juin,Fête nationale du Luxembourg,"Jour célébrant l'anniversaire officiel du Grand-Duc.",Culture luxembourgeoise
24 juin,Fête de la Saint-Jean,"Célébration chrétienne marquant la naissance de Saint Jean-Baptiste.",Christianisme
25 juin,Indépendance de la Slovénie et de la Croatie,"Jour marquant l'indépendance de ces deux pays en 1991.",Culture slovène et croate
26 juin,Journée internationale contre la drogue,"Journée sensibilisant aux problèmes liés à l'usage de drogues.",ONU/Société civile
27 juin,Journée nationale des vétérans de guerre (Canada),"Jour honorant les vétérans canadiens de toutes les guerres.",Culture canadienne
28 juin,Journée mondiale des arbres,"Journée promouvant la plantation et la préservation des arbres.",Société civile
29 juin,Fête des Saints Pierre et Paul,"Célébration chrétienne honorant les apôtres Pierre et Paul.",Christianisme
30 juin,Journée de l'indépendance de la RDC,"Jour célébrant l'indépendance de la République démocratique du Congo en 1960.",Culture congolaise
1er juillet,Fête du Canada,"Jour célébrant la Confédération canadienne de 1867.",Culture canadienne
2 juillet,Journée mondiale des OVNIs,"Journée sensibilisant au phénomène des objets volants non identifiés.",Culture populaire
3 juillet,Fête de l'indépendance du Bélarus,"Jour célébrant l'indépendance du Bélarus en 1944.",Culture biélorusse
4 juillet,Independence Day (États-Unis),"Jour célébrant l'indépendance des États-Unis obtenue en 1776.",Culture américaine
5 juillet,Fête de l'indépendance du Venezuela,"Jour célébrant l'indépendance du Venezuela en 1811.",Culture vénézuélienne
6 juillet,Journée internationale du baiser,"Journée célébrant l'importance des baisers dans les relations humaines.",Société civile
7 juillet,Tanabata,"Fête japonaise célébrant la rencontre des étoiles Orihime et Hikoboshi.",Culture japonaise
8 juillet,Journée mondiale de l'allergie,"Journée sensibilisant aux problèmes liés aux allergies.",Société civile
9 juillet,Fête nationale de l'Argentine,"Jour célébrant l'indépendance de l'Argentine obtenue en 1816.",Culture argentine
10 juillet,Fête de Nikola Tesla,"Jour honorant Nikola Tesla, inventeur et ingénieur serbe-américain.",Culture scientifique
11 juillet,Journée mondiale de la population,"Journée sensibilisant à l'importance des problématiques liées à la population mondiale.",ONU/Société civile
12 juillet,Malala Day,"Jour honorant Malala Yousafzai et sa lutte pour l'éducation des filles.",ONU/Société civile
13 juillet,Fête de la République du Monténégro,"Jour marquant la reconnaissance internationale du Monténégro en 1878.",Culture monténégrine
14 juillet,Fête nationale française,"Jour marquant la prise de la Bastille et la Révolution française.",Culture française
15 juillet,Saint Vladimir,"Célébration chrétienne en l'honneur de Saint Vladimir de Kiev.",Christianisme
16 juillet,Journée nationale de la Vierge du Carmen,"Jour honorant la Vierge Marie, patronne des marins.",Christianisme/Culture espagnole et latino-américaine
17 juillet,Journée mondiale de la justice internationale,"Journée promouvant le droit et la justice au niveau mondial.",ONU/Société civile
18 juillet,Journée internationale Nelson Mandela,"Journée honorant l'héritage de Nelson Mandela pour la paix et la liberté.",ONU
19 juillet,Anniversaire de la Révolution sandiniste (Nicaragua),"Jour marquant la victoire du Front sandiniste en 1979.",Culture nicaraguayenne
20 juillet,Journée de l'Amitié (Colombie),"Jour célébrant l'importance des relations amicales.",Culture colombienne
21 juillet,Fête nationale de la Belgique,"Jour marquant la prestation de serment du premier roi des Belges en 1831.",Culture belge
22 juillet,Saint Marie-Madeleine,"Célébration chrétienne honorant Marie-Madeleine, disciple de Jésus.",Christianisme
23 juillet,Renaissance Day (Égypte),"Jour marquant le début de la révolution égyptienne de 1952.",Culture égyptienne
24 juillet,Fête de Simon Bolivar,"Jour honorant Simon Bolivar, héros de l'indépendance sud-américaine.",Culture sud-américaine
25 juillet,Saint Jacques le Majeur,"Célébration chrétienne honorant Saint Jacques, apôtre et patron de l'Espagne.",Christianisme
26 juillet,Fête de la Rébellion nationale (Cuba),"Jour marquant l'attaque de la caserne Moncada en 1953, début de la révolution cubaine.",Culture cubaine
27 juillet,Journée mondiale de la prévention des hépatites,"Journée sensibilisant aux hépatites et à leur prévention.",ONU/Société civile
28 juillet,Fête nationale du Pérou,"Jour célébrant l'indépendance du Pérou en 1821.",Culture péruvienne
29 juillet,Saint Olaf,"Célébration chrétienne honorant Saint Olaf, roi et martyr de Norvège.",Christianisme/Culture norvégienne
30 juillet,Journée internationale de l'amitié,"Journée promouvant l'amitié entre les peuples, les pays et les cultures.",ONU/Société civile
31 juillet,Hari Raya Haji (variable),"Fête musulmane marquant la fin du Hajj, le pèlerinage à La Mecque.",Islam
1er août,Fête nationale suisse,"Jour célébrant la fondation de la Confédération suisse en 1291.",Culture suisse
2 août,Journée internationale du souvenir de la traite négrière et de son abolition,"Journée honorant la mémoire des victimes de l'esclavage.",ONU/Société civile
3 août,Fête de l'indépendance du Niger,"Jour marquant l'indépendance du Niger en 1960.",Culture nigérienne
4 août,Fête nationale du Burkina Faso,"Jour célébrant l'indépendance du Burkina Faso en 1960.",Culture burkinabè
5 août,Journée mondiale de la bière,"Journée célébrant la bière et ses traditions à travers le monde.",Culture mondiale
6 août,Fête de l'indépendance de la Bolivie,"Jour célébrant l'indépendance de la Bolivie en 1825.",Culture bolivienne
7 août,Fête de la bataille de Boyacá (Colombie),"Jour célébrant une bataille clé de l'indépendance colombienne.",Culture colombienne
8 août,Journée internationale du chat,"Journée dédiée aux chats pour sensibiliser à leur bien-être.",Société civile
9 août,Journée internationale des peuples autochtones,"Journée honorant les droits et cultures des peuples autochtones.",ONU/Société civile
10 août,Fête nationale de l'Équateur,"Jour célébrant la déclaration d'indépendance de l'Équateur en 1809.",Culture équatorienne
11 août,Raksha Bandhan,"Fête hindoue célébrant les liens entre frères et sœurs.",Hindouisme
12 août,Journée internationale de la jeunesse,"Journée promouvant les droits et les aspirations des jeunes.",ONU/Société civile
13 août,Fête de la révolution cubaine,"Jour marquant l'anniversaire de Fidel Castro et les débuts de la révolution cubaine.",Culture cubaine
14 août,Indépendance du Pakistan,"Jour marquant l'indépendance du Pakistan en 1947.",Culture pakistanaise
15 août,Assomption,"Célébration chrétienne marquant la montée de la Vierge Marie au ciel.",Christianisme
16 août,Fête de Saint Roch,"Fête chrétienne honorant Saint Roch, protecteur contre les épidémies.",Christianisme
17 août,Fête de l'indépendance de l'Indonésie,"Jour célébrant l'indépendance de l'Indonésie en 1945.",Culture indonésienne
18 août,Journée des anciens combattants (Australie),"Jour honorant les vétérans australiens.",Culture australienne
19 août,Journée mondiale de la photographie,"Journée célébrant l'art et l'histoire de la photographie.",Société civile
20 août,Saint Étienne de Hongrie,"Célébration chrétienne honorant Saint Étienne, premier roi de Hongrie.",Christianisme
21 août,Ninoy Aquino Day (Philippines),"Jour honorant Ninoy Aquino, héros de la démocratie philippine.",Culture philippine
22 août,Qixi Festival,"Fête chinoise célébrant l'amour entre deux étoiles, Niu Lang et Zhi Nu.",Culture chinoise
23 août,Journée européenne du souvenir des victimes du stalinisme et du nazisme,"Journée honorant les victimes des régimes totalitaires en Europe.",Union européenne
24 août,Fête de l'indépendance de l'Ukraine,"Jour marquant l'indépendance de l'Ukraine en 1991.",Culture ukrainienne
25 août,Fête nationale de l'Uruguay,"Jour célébrant la déclaration d'indépendance de l'Uruguay en 1825.",Culture uruguayenne
26 août,Journée mondiale du chien,"Journée dédiée aux chiens pour sensibiliser à leur bien-être.",Société civile
27 août,Festival de la couronne de fleurs (Lettonie),"Fête célébrant les traditions folkloriques et culturelles lettonnes.",Culture lettone
28 août,Fête de l'Assomption orthodoxe (variable),"Célébration de la montée de la Vierge Marie dans les Églises orthodoxes.",Christianisme orthodoxe
29 août,Journée internationale contre les essais nucléaires,"Journée promouvant la fin des essais nucléaires.",ONU/Société civile
30 août,Journée internationale des personnes disparues,"Journée sensibilisant aux disparitions forcées et à leurs victimes.",ONU/Société civile
31 août,Fête nationale de la Malaisie,"Jour marquant l'indépendance de la Malaisie en 1957.",Culture malaisienne
1er septembre,Journée internationale de la paix,"Journée consacrée à la promotion de la paix dans le monde.",ONU/Société civile
2 septembre,Journée internationale de l'aide humanitaire,"Journée honorant les travailleurs humanitaires et leur rôle vital dans les crises.",ONU/Société civile
3 septembre,Fête du Travail (Espagne et d'autres pays),"Jour célébrant les travailleurs et leurs droits.",Culture espagnole
4 septembre,Fête nationale de la Slovénie,"Jour célébrant l'indépendance de la Slovénie en 1991.",Culture slovène
5 septembre,Journée internationale de la charité,"Journée sensibilisant aux œuvres de charité et à l'aide humanitaire.",ONU/Société civile
6 septembre,Journée internationale de la solidarité humaine,"Journée promouvant la solidarité et le soutien mutuel à travers le monde.",ONU/Société civile
7 septembre,Fête de l'indépendance du Brésil,"Jour célébrant l'indépendance du Brésil vis-à-vis du Portugal en 1822.",Culture brésilienne
8 septembre,Journée internationale de l'alphabétisation,"Journée mettant l'accent sur l'importance de l'éducation et de l'alphabétisation.",ONU/Société civile
9 septembre,Journée de l'Antiquité,"Journée célébrant les découvertes archéologiques et le patrimoine de l'Antiquité.",Société civile
10 septembre,Journée mondiale de la prévention du suicide,"Journée sensibilisant à la prévention du suicide et au bien-être mental.",OMS/Société civile
11 septembre,Patriot Day (États-Unis),"Jour commémorant les victimes des attaques terroristes du 11 septembre 2001.",Culture américaine
12 septembre,Journée internationale de la démocratie,"Journée favorisant la promotion de la démocratie et des droits de l'homme.",ONU/Société civile
13 septembre,Fête de Saint Jean Chrysostome,"Célébration chrétienne honorant Saint Jean Chrysostome, théologien et évêque.",Christianisme
14 septembre,Journée mondiale du soin palliatif,"Journée de sensibilisation aux soins palliatifs et à la dignité des patients en fin de vie.",OMS/Société civile
15 septembre,Fête nationale du Costa Rica,"Jour célébrant l'indépendance du Costa Rica en 1821.",Culture costaricaine
16 septembre,Journée mondiale de la protection de la couche d'ozone,"Journée sensibilisant à la préservation de la couche d'ozone et à la lutte contre la pollution.",ONU/Société civile
17 septembre,Fête de l'indépendance de la Chine (Taiwan),"Jour célébrant la fondation de la République de Chine à Taiwan en 1911.",Culture taïwanaise
18 septembre,Fête nationale du Chili,"Jour célébrant l'indépendance du Chili en 1810.",Culture chilienne
19 septembre,Journée internationale de la paix des femmes,"Journée mettant en lumière les contributions des femmes à la paix et à la sécurité.",ONU/Société civile
20 septembre,Journée mondiale des réfugiés,"Journée honorant les réfugiés et leurs luttes pour la survie et la dignité.",ONU/Société civile
21 septembre,Journée internationale de la paix,"Journée mondiale dédiée à la paix et à la résolution des conflits.",ONU/Société civile
22 septembre,Fête de l'indépendance de la Bulgarie,"Jour célébrant l'indépendance de la Bulgarie en 1908.",Culture bulgare
23 septembre,Journée mondiale des lèvres,"Journée promouvant les soins et la protection des lèvres.",Société civile
24 septembre,Fête de l'indépendance de la Guinée,"Jour célébrant l'indépendance de la Guinée en 1958.",Culture guinéenne
25 septembre,Journée mondiale du pharmacien,"Journée honorant le rôle des pharmaciens dans la santé publique.",OMS/Société civile
26 septembre,Journée européenne des langues,"Journée promouvant la diversité linguistique et l'apprentissage des langues en Europe.",Union européenne
27 septembre,Journée mondiale du tourisme,"Journée sensibilisant à l'importance du tourisme et de son impact sur les sociétés.",ONU/Société civile
28 septembre,Journée mondiale de la recherche sur les maladies rares,"Journée promouvant la recherche et la prise en charge des maladies rares.",Société civile
29 septembre,Journée mondiale du cœur,"Journée de sensibilisation à la santé cardiaque et à la prévention des maladies cardiaques.",OMS/Société civile
30 septembre,Journée internationale de la traduction,"Journée honorant les traducteurs et leur rôle dans la communication interculturelle.",ONU/Société civile
1er octobre,Journée internationale des personnes âgées,"Journée sensibilisant aux droits et à la dignité des personnes âgées.",ONU/Société civile
2 octobre,Journée internationale de la non-violence,"Journée dédiée à la promotion de la non-violence et à la résolution pacifique des conflits.",ONU/Société civile
3 octobre,Fête de l'Unité allemande,"Jour célébrant la réunification de l'Allemagne en 1990.",Culture allemande
4 octobre,Journée mondiale des animaux,"Journée visant à sensibiliser à la protection des animaux et à leur bien-être.",ONU/Société civile
5 octobre,Journée mondiale des enseignants,"Journée honorant le travail des enseignants et leur rôle dans la société.",UNESCO/Société civile
6 octobre,Fête de Saint Bruno,"Célébration chrétienne honorant Saint Bruno, fondateur de l'ordre des Chartreux.",Christianisme
7 octobre,Journée mondiale du tourisme,"Journée célébrant le tourisme et l'importance des échanges interculturels.",ONU/Société civile
8 octobre,Fête de la Déesse Durga,"Fête hindoue honorant la déesse Durga, symbole de la victoire du bien sur le mal.",Hindouisme
9 octobre,Journée mondiale du courrier,"Journée consacrée à l'importance des services postaux et à leur rôle dans la communication.",Société civile
10 octobre,Journée mondiale de la santé mentale,"Journée de sensibilisation aux troubles mentaux et à leur prise en charge.",OMS/Société civile
11 octobre,Journée internationale de la fille,"Journée visant à promouvoir les droits et l'égalité des filles à travers le monde.",ONU/Société civile
12 octobre,Journée mondiale des vagues,"Journée célébrant l'océan et la préservation des environnements marins.",Société civile
13 octobre,Journée internationale de la réduction des risques de catastrophes,"Journée sensibilisant aux stratégies de prévention des catastrophes naturelles.",ONU/Société civile
14 octobre,Fête de Saint Callixte,"Célébration chrétienne en l'honneur de Saint Callixte Ier, pape et martyr.",Christianisme
15 octobre,Journée internationale des femmes rurales,"Journée célébrant les femmes rurales et leur contribution à l'agriculture et au développement.",ONU/Société civile
16 octobre,Journée mondiale de l'alimentation,"Journée sensibilisant à la faim dans le monde et à la sécurité alimentaire.",FAO/Société civile
17 octobre,Journée internationale pour l'élimination de la pauvreté,"Journée dédiée à la lutte contre la pauvreté dans le monde.",ONU/Société civile
18 octobre,Fête de la Saint-Luc,"Célébration chrétienne honorant Saint Luc, l'évangéliste et patron des médecins.",Christianisme
19 octobre,Journée mondiale du pain,"Journée célébrant l'importance du pain et de l'alimentation dans les cultures du monde.",Société civile
20 octobre,Fête des Morts (Mexique),"Jour marquant les premières célébrations de la fête des morts, honorant les défunts.",Culture mexicaine
21 octobre,Journée mondiale de l'optimisme,"Journée visant à promouvoir une attitude positive et optimiste face aux défis de la vie.",Société civile
22 octobre,Fête de Saint Jean-Paul II,"Célébration chrétienne en l'honneur de Saint Jean-Paul II, pape de 1978 à 2005.",Christianisme
23 octobre,Fête nationale de la Hongrie,"Jour célébrant la révolution hongroise de 1956 et l'indépendance du pays.",Culture hongroise
24 octobre,Journée des Nations Unies,"Journée célébrant la création de l'ONU et ses efforts pour la paix et les droits humains.",ONU
25 octobre,Journée mondiale de la pâleontologie,"Journée dédiée à l'étude des fossiles et de l'évolution des espèces.",Société civile
26 octobre,Fête de la République de Chine (Taiwan),"Jour marquant la fondation de la République de Chine en 1911.",Culture taïwanaise
27 octobre,Fête de Saint Frédéric,"Célébration chrétienne honorant Saint Frédéric, ermite et missionnaire.",Christianisme
28 octobre,Fête de l'indépendance de la Tchécoslovaquie,"Jour célébrant l'indépendance de la Tchécoslovaquie en 1918.",Culture tchécoslovaque
29 octobre,Journée mondiale de la biélorussie,"Journée honorant la culture et l'histoire de la Biélorussie.",Culture biélorusse
30 octobre,Journée mondiale des personnes handicapées,"Journée sensibilisant aux droits des personnes en situation de handicap.",ONU/Société civile
31 octobre,Halloween,"Fête traditionnelle célébrée dans de nombreux pays, marquée par des costumes, des bonbons et des décorations effrayantes.",Culture occidentale
1er novembre,Toussaint,"Fête chrétienne honorant tous les saints et martyrs.",Christianisme
2 novembre,Journée des morts (Mexique),"Célébration mexicaine honorant les défunts avec des offrandes et des festivités.",Culture mexicaine
3 novembre,Journée internationale de la gentillesse,"Journée visant à promouvoir les actes de gentillesse dans le monde.",Société civile
4 novembre,Fête de l'indépendance du Ghana,"Jour célébrant l'indépendance du Ghana vis-à-vis du Royaume-Uni en 1957.",Culture ghanéenne
5 novembre,Fête de Guy Fawkes,"Célébration britannique marquée par des feux d'artifice et des feux de joie, commémorant l'échec de la conspiration des poudres en 1605.",Culture britannique
6 novembre,Journée internationale de la radiologie,"Journée dédiée à la reconnaissance de l'importance de la radiologie dans les soins de santé.",Société civile
7 novembre,Journée mondiale de la science au service de la paix et du développement,"Journée célébrant le rôle de la science dans la résolution des problèmes mondiaux.",ONU/Société civile
8 novembre,Journée mondiale du radiologue,"Journée consacrée à la reconnaissance des radiologues et à leur rôle dans le domaine médical.",Société civile
9 novembre,Fête de la chute du mur de Berlin,"Jour commémorant la chute du mur de Berlin en 1989, symbole de la fin de la guerre froide.",Culture allemande
10 novembre,Journée des vétérans (États-Unis),"Jour honorant les anciens combattants des forces armées des États-Unis.",Culture américaine
11 novembre,Armistice (France et d'autres pays),"Jour marquant la fin de la Première Guerre mondiale en 1918, célébré dans plusieurs pays.",Culture européenne
12 novembre,Journée mondiale des pneumonies,"Journée sensibilisant à la prévention des pneumonies et aux efforts de santé publique.",OMS/Société civile
13 novembre,Journée mondiale de la gentillesse,"Journée dédiée à la promotion de la gentillesse dans le monde entier.",Société civile
14 novembre,Journée mondiale du diabète,"Journée visant à sensibiliser à la prévention du diabète et à son traitement.",OMS/Société civile
15 novembre,Journée mondiale de la philosophie,"Journée célébrant la réflexion philosophique et son rôle dans la société.",UNESCO/Société civile
16 novembre,Journée internationale de la tolérance,"Journée dédiée à la promotion de la tolérance et du respect entre les cultures.",ONU/Société civile
17 novembre,Journée internationale du student,"Journée célébrant les étudiants du monde entier et leur contribution à la société.",Société civile
18 novembre,Fête de Saint Albert le Grand,"Célébration chrétienne honorant Saint Albert, théologien et philosophe médiéval.",Christianisme
19 novembre,Journée mondiale de la toilette,"Journée sensibilisant à l'importance de l'hygiène et de l'accès aux toilettes dans le monde.",ONU/Société civile
20 novembre,Journée mondiale de l'enfance,"Journée célébrant les droits des enfants et leur bien-être.",ONU/Société civile
21 novembre,Journée mondiale de la télévision,"Journée célébrant l'impact de la télévision sur la société et la culture.",ONU/Société civile
22 novembre,Fête de Sainte Cécile,"Célébration chrétienne honorant Sainte Cécile, patronne des musiciens.",Christianisme
23 novembre,Journée internationale de la défense des droits des enfants,"Journée promouvant les droits et la protection des enfants dans le monde.",ONU/Société civile
24 novembre,Journée mondiale du génie génétique,"Journée dédiée à la science du génie génétique et à ses applications dans la médecine.",Société civile
25 novembre,Journée internationale pour l'élimination de la violence à l'égard des femmes,"Journée sensibilisant à la lutte contre la violence basée sur le genre.",ONU/Société civile
26 novembre,Journée du merci,"Journée dédiée à l'expression de gratitude envers les autres.",Société civile
27 novembre,Journée mondiale de la consommation responsable,"Journée promouvant des habitudes de consommation respectueuses de l'environnement.",Société civile
28 novembre,Journée des travailleurs sociaux,"Journée honorant le rôle des travailleurs sociaux dans la société.",Société civile
29 novembre,Journée internationale de solidarité avec le peuple palestinien,"Journée pour soutenir le peuple palestinien et promouvoir la paix au Moyen-Orient.",ONU/Société civile
30 novembre,Fête de Saint André,"Célébration chrétienne honorant Saint André, l'un des apôtres de Jésus.",Christianisme
1er décembre,Journée mondiale de lutte contre le sida,"Journée visant à sensibiliser à la lutte contre le VIH/sida et à réduire la stigmatisation.",OMS/Société civile
2 décembre,Journée internationale pour l'abolition de l'esclavage,"Journée dédiée à la lutte contre l'esclavage moderne et à la protection des droits humains.",ONU/Société civile
3 décembre,Journée internationale des personnes handicapées,"Journée promouvant les droits et l'intégration des personnes handicapées dans la société.",ONU/Société civile
4 décembre,Fête de Saint François Xavier,"Célébration chrétienne honorant Saint François Xavier, missionnaire jésuite.",Christianisme
5 décembre,Journée internationale des bénévoles,"Journée honorant l'engagement des bénévoles dans le monde entier.",ONU/Société civile
6 décembre,Fête de Saint Nicolas,"Célébration chrétienne honorant Saint Nicolas, protecteur des enfants et des marins.",Christianisme
7 décembre,Journée internationale de la sécurité civile,"Journée sensibilisant à la sécurité civile et aux efforts de protection des populations.",ONU/Société civile
8 décembre,Fête de l'Immaculée Conception,"Célébration chrétienne marquant la conception sans péché de la Vierge Marie.",Christianisme
9 décembre,Journée internationale de lutte contre la corruption,"Journée sensibilisant à la lutte contre la corruption et ses effets dévastateurs sur la société.",ONU/Société civile
10 décembre,Journée des droits de l'homme,"Journée célébrant l'adoption de la Déclaration universelle des droits de l'homme en 1948.",ONU/Société civile
11 décembre,Journée internationale de la montagne,"Journée dédiée à la conservation des montagnes et à la promotion du développement durable.",ONU/Société civile
12 décembre,Journée internationale de la neutralité,"Journée visant à promouvoir la neutralité dans les conflits internationaux.",ONU/Société civile
13 décembre,Journée internationale des tétraplégiques,"Journée consacrée à la sensibilisation et au soutien des personnes vivant avec une tétraplégie.",Société civile
14 décembre,Fête de Sainte-Lucie (suédoise),"Célébration scandinave marquant la fête de Sainte-Lucie, symbole de lumière dans l'obscurité de l'hiver.",Culture scandinave
15 décembre,Journée mondiale du migrant,"Journée dédiée aux droits des migrants et à la reconnaissance de leurs contributions à la société.",ONU/Société civile
16 décembre,Journée de la réconciliation en Afrique du Sud,"Jour de commémoration de l'abolition de l'apartheid et des efforts de réconciliation nationale.",Culture sud-africaine
17 décembre,Journée internationale du pull de Noël,"Journée consacrée à la célébration du pull de Noël, souvent porté lors de fêtes et événements.",Société civile
18 décembre,Journée internationale des migrants,"Journée célébrant les contributions des migrants et leur rôle dans le développement des sociétés.",ONU/Société civile
19 décembre,Fête de Saint Urbain,"Célébration chrétienne honorant Saint Urbain, pape et martyr.",Christianisme
20 décembre,Journée mondiale de la solidarité humaine,"Journée dédiée à la solidarité humaine et à la promotion de la coopération entre les nations.",ONU/Société civile
21 décembre,Fête du solstice d'hiver,"Célébration marquant le début de l'hiver et le solstice d'hiver dans l'hémisphère nord.",Culture païenne
22 décembre,Journée internationale du théâtre,"Journée dédiée à la célébration de l'art théâtral et de son rôle dans la culture.",Société civile
23 décembre,Fête de Hanoucca (selon le calendrier juif),"Fête juive célébrant la dédicace du Temple à Jérusalem et le miracle de l'huile.",Judaïsme
24 décembre,Veillée de Noël,"Célébration chrétienne anticipant la naissance de Jésus-Christ, marquée par une messe de minuit et des festins.",Christianisme
25 décembre,Noël,"Fête chrétienne célébrant la naissance de Jésus-Christ, avec des traditions de cadeaux et repas festifs.",Christianisme
26 décembre,Fête de la Saint-Étienne,"Célébration chrétienne honorant Saint Étienne, le premier martyr chrétien.",Christianisme
27 décembre,Journée mondiale du yoga,"Journée consacrée à la pratique et à la promotion du yoga comme moyen de bien-être physique et mental.",Société civile
28 décembre,Fête des Innocents,"Fête chrétienne commémorant le massacre des innocents par le roi Hérode, selon l'Évangile.",Christianisme
29 décembre,Journée mondiale de la biodiversité,"Journée sensibilisant à la préservation de la biodiversité et à la protection des écosystèmes.",ONU/Société civile
30 décembre,Journée des anciens combattants,"Jour honorant les anciens combattants et leur sacrifice pour leur pays.",Culture civile
31 décembre,Veillée du Nouvel An,"Célébration de la fin de l'année et des traditions du passage à la nouvelle année, souvent avec des feux d'artifice.",Société civile